<?xml version="1.0" encoding="UTF-8"?>
<project xmlns="http://maven.apache.org/POM/4.0.0" xmlns:xsi="http://www.w3.org/2001/XMLSchema-instance" xsi:schemaLocation="http://maven.apache.org/POM/4.0.0 http://maven.apache.org/maven-v4_0_0.xsd">
  <modelVersion>4.0.0</modelVersion>
  <groupId>org.anhcraft</groupId>
  <artifactId>EnchantNangCao</artifactId>
  <name>EnchantNangCao</name>
  <version>2.0.0</version>
  <description>Plugin thêm nhiều enchant mới</description>
  <url>http://anhcraft.org/</url>
  <build>
    <defaultGoal>clean package</defaultGoal>
    <resources>
      <resource>
        <filtering>true</filtering>
        <directory>src/main/resources</directory>
      </resource>
    </resources>
    <plugins>
      <plugin>
        <artifactId>maven-shade-plugin</artifactId>
        <version>2.3</version>
        <executions>
          <execution>
            <phase>package</phase>
            <goals>
              <goal>shade</goal>
            </goals>
            <configuration>
              <minimizeJar>true</minimizeJar>
            </configuration>
          </execution>
        </executions>
      </plugin>
      <plugin>
        <artifactId>maven-compiler-plugin</artifactId>
        <version>3.5.1</version>
        <executions>
          <execution>
            <id>compile</id>
            <phase>compile</phase>
            <goals>
              <goal>compile</goal>
            </goals>
          </execution>
          <execution>
            <id>testCompile</id>
            <phase>test-compile</phase>
            <goals>
              <goal>testCompile</goal>
            </goals>
          </execution>
        </executions>
        <configuration>
          <source>1.8</source>
          <target>1.8</target>
        </configuration>
      </plugin>
      <plugin>
        <artifactId>maven-dependency-plugin</artifactId>
        <version>2.1</version>
        <executions>
          <execution>
            <id>copy-dependencies</id>
            <phase>package</phase>
            <goals>
              <goal>copy-dependencies</goal>
            </goals>
          </execution>
        </executions>
      </plugin>
    </plugins>
  </build>
  <repositories>
    <repository>
      <id>spigotmc-repo</id>
      <url>https://hub.spigotmc.org/nexus/content/groups/public/</url>
    </repository>
    <repository>
      <id>sonatype</id>
      <url>https://oss.sonatype.org/content/groups/public/</url>
    </repository>
    <repository>
      <id>iceapi</id>
      <name>IceAPI</name>
      <url>http://anhcraft.org/</url>
    </repository>
    <repository>
      <id>vault-repo</id>
      <url>http://nexus.hc.to/content/repositories/pub_releases</url>
    </repository>
    <repository>
      <id>inventive-repo</id>
      <url>https://repo.inventivetalent.org/content/groups/public/</url>
    </repository>
  </repositories>
  <dependencies>
    <dependency>
      <groupId>org.spigotmc</groupId>
      <artifactId>spigot-api</artifactId>
      <version>1.11.2-R0.1-SNAPSHOT</version>
      <scope>provided</scope>
      <exclusions>
        <exclusion>
          <artifactId>commons-lang</artifactId>
          <groupId>commons-lang</groupId>
        </exclusion>
        <exclusion>
          <artifactId>json-simple</artifactId>
          <groupId>com.googlecode.json-simple</groupId>
        </exclusion>
        <exclusion>
          <artifactId>guava</artifactId>
          <groupId>com.google.guava</groupId>
        </exclusion>
        <exclusion>
          <artifactId>gson</artifactId>
          <groupId>com.google.code.gson</groupId>
        </exclusion>
        <exclusion>
          <artifactId>ebean</artifactId>
          <groupId>org.avaje</groupId>
        </exclusion>
        <exclusion>
          <artifactId>snakeyaml</artifactId>
          <groupId>org.yaml</groupId>
        </exclusion>
        <exclusion>
          <artifactId>bungeecord-chat</artifactId>
          <groupId>net.md-5</groupId>
        </exclusion>
      </exclusions>
    </dependency>
    <dependency>
      <groupId>net.milkbowl.vault</groupId>
      <artifactId>VaultAPI</artifactId>
      <version>1.6</version>
      <scope>provided</scope>
      <exclusions>
        <exclusion>
          <artifactId>bukkit</artifactId>
          <groupId>org.bukkit</groupId>
        </exclusion>
      </exclusions>
    </dependency>
    <dependency>
      <groupId>vn.anhcraft</groupId>
      <artifactId>PluginMCVNUpdate</artifactId>
      <version>1.0.3</version>
      <scope>system</scope>
      <systemPath>C:\Users\DuyAnh\IdeaProjects\EnchantNangCao/lib/PluginMCVNUpdate-1.0.3.jar</systemPath>
    </dependency>
  </dependencies>
  <properties>
    <project.build.sourceEncoding>UTF-8</project.build.sourceEncoding>
    <kotlin.version>1.0.6</kotlin.version>
  </properties>
</project>

